code,d18O,d2H
MOW,-4.794164,-20.09242
UCT,-5.08,-20.5
SKG,-5.99,-22.48